solver,instance,result,wall_time,solve_time,models_found,rules,atoms,choices,constraints,error
solver-opt2,1.lp,TIMEOUT,20,0.0,0,0,0,0,0,Timeout after 20s
solver-opt2-dl,1.lp,SAT,13.382447957992554,12.350196838378906,0,223185.0,109458.0,0,0,
solver-opt2,10.lp,SAT,0.8002450466156006,0.41636109352111816,0,102554.0,59849.0,0,0,
solver-opt2-dl,10.lp,SAT,0.5326540470123291,0.09221816062927246,0,116909.0,62242.0,0,0,
solver-opt2,11.lp,TIMEOUT,20,0.0,0,0,0,0,0,Timeout after 20s
solver-opt2-dl,11.lp,TIMEOUT,20,0.0,0,0,0,0,0,Timeout after 20s
solver-opt2,12.lp,SAT,0.4476759433746338,0.16284394264221191,0,84505.0,50429.0,0,0,
solver-opt2-dl,12.lp,SAT,0.7493700981140137,0.41400694847106934,0,96597.0,52626.0,0,0,
solver-opt2,13.lp,SAT,1.0005519390106201,0.3519260883331299,0,145606.0,81515.0,0,0,
solver-opt2-dl,13.lp,SAT,6.031975984573364,5.320939779281616,0,165171.0,84316.0,0,0,
solver-opt2,14.lp,SAT,4.42040491104126,3.14978289604187,0,227694.0,120099.0,0,0,
solver-opt2-dl,14.lp,SAT,1.6142261028289795,0.3082120418548584,0,256539.0,123492.0,0,0,
solver-opt2,15.lp,SAT,1.6179778575897217,0.9632258415222168,0,145786.0,81659.0,0,0,
solver-opt2-dl,15.lp,SAT,0.8503201007843018,0.16489696502685547,0,165387.0,84460.0,0,0,
solver-opt2,16.lp,SAT,0.4253711700439453,0.0487980842590332,0,102239.0,59597.0,0,0,
solver-opt2-dl,16.lp,SAT,0.4488959312438965,0.043725013732910156,0,116531.0,61986.0,0,0,
solver-opt2,17.lp,SAT,1.5297801494598389,1.0202040672302246,0,123261.0,70507.0,0,0,
solver-opt2-dl,17.lp,SAT,0.9036779403686523,0.32077884674072266,0,140181.0,73108.0,0,0,
solver-opt2,18.lp,TIMEOUT,20,0.0,0,0,0,0,0,Timeout after 20s
solver-opt2-dl,18.lp,SAT,8.352036952972412,7.516446828842163,0,192839.0,96454.0,0,0,
solver-opt2,19.lp,SAT,0.2365131378173828,0.029880046844482422,0,68459.0,41795.0,0,0,
solver-opt2-dl,19.lp,SAT,0.4838368892669678,0.2579329013824463,0,78477.0,43796.0,0,0,
solver-opt2,2.lp,SAT,3.72751522064209,3.1136281490325928,0,145486.0,81419.0,0,0,
solver-opt2-dl,2.lp,SAT,1.9351530075073242,1.2749009132385254,0,165027.0,84220.0,0,0,
solver-opt2,20.lp,TIMEOUT,20,0.0,0,0,0,0,0,Timeout after 20s
solver-opt2-dl,20.lp,TIMEOUT,20,0.0,0,0,0,0,0,Timeout after 20s
solver-opt2,21.lp,SAT,1.1465189456939697,0.7850639820098877,0,101919.0,59341.0,0,0,
solver-opt2-dl,21.lp,SAT,8.317389965057373,7.913408994674683,0,116147.0,61718.0,0,0,
solver-opt2,22.lp,SAT,4.857830047607422,4.356812953948975,0,122916.0,70231.0,0,0,
solver-opt2-dl,22.lp,SAT,1.5369150638580322,1.0098419189453125,0,139767.0,72832.0,0,0,
solver-opt2,23.lp,SAT,0.22269201278686523,0.03373098373413086,0,68039.0,41459.0,0,0,
solver-opt2-dl,23.lp,SAT,0.3336169719696045,0.12386298179626465,0,77973.0,43456.0,0,0,
solver-opt2,24.lp,TIMEOUT,20,0.0,0,0,0,0,0,Timeout after 20s
solver-opt2-dl,24.lp,SAT,14.663758993148804,13.968477010726929,0,165525.0,84552.0,0,0,
solver-opt2,25.lp,TIMEOUT,20,0.0,0,0,0,0,0,Timeout after 20s
solver-opt2-dl,25.lp,TIMEOUT,20,0.0,0,0,0,0,0,Timeout after 20s
solver-opt2,26.lp,SAT,0.6302590370178223,0.21219396591186523,0,102509.0,59813.0,0,0,
solver-opt2-dl,26.lp,SAT,0.6613540649414062,0.24929404258728027,0,116855.0,62210.0,0,0,
solver-opt2,27.lp,SAT,0.5112011432647705,0.22425198554992676,0,84500.0,50425.0,0,0,
solver-opt2-dl,27.lp,SAT,0.8089399337768555,0.4942488670349121,0,96591.0,52626.0,0,0,
solver-opt2,28.lp,TIMEOUT,20,0.0,0,0,0,0,0,Timeout after 20s
solver-opt2-dl,28.lp,TIMEOUT,20,0.0,0,0,0,0,0,Timeout after 20s
solver-opt2,29.lp,SAT,6.088402986526489,4.751675844192505,0,228074.0,120403.0,0,0,
solver-opt2-dl,29.lp,SAT,5.715101957321167,4.352855920791626,0,256995.0,123804.0,0,0,
solver-opt2,3.lp,SAT,0.3572258949279785,0.15620994567871094,0,68399.0,41747.0,0,0,
solver-opt2-dl,3.lp,SAT,0.6294500827789307,0.40679192543029785,0,78405.0,43748.0,0,0,
solver-opt2,30.lp,SAT,0.425570011138916,0.12987112998962402,0,84340.0,50297.0,0,0,
solver-opt2-dl,30.lp,SAT,0.4149899482727051,0.09991717338562012,0,96399.0,52494.0,0,0,
solver-opt2,31.lp,TIMEOUT,20,0.0,0,0,0,0,0,Timeout after 20s
solver-opt2-dl,31.lp,TIMEOUT,20,0.0,0,0,0,0,0,Timeout after 20s
solver-opt2,32.lp,SAT,1.5773279666900635,0.5672760009765625,0,197915.0,106457.0,0,0,
solver-opt2-dl,32.lp,SAT,3.938822031021118,2.865631103515625,0,223479.0,109658.0,0,0,
solver-opt2,33.lp,TIMEOUT,20,0.0,0,0,0,0,0,Timeout after 20s
solver-opt2-dl,33.lp,SAT,19.17585515975952,18.09761619567871,0,223473.0,109654.0,0,0,
solver-opt2,34.lp,TIMEOUT,20,0.0,0,0,0,0,0,Timeout after 20s
solver-opt2-dl,34.lp,SAT,0.7519071102142334,0.07723593711853027,0,165009.0,84204.0,0,0,
solver-opt2,35.lp,TIMEOUT,20,0.0,0,0,0,0,0,Timeout after 20s
solver-opt2-dl,35.lp,SAT,18.05388116836548,17.39777398109436,0,164673.0,83976.0,0,0,
solver-opt2,36.lp,TIMEOUT,20,0.0,0,0,0,0,0,Timeout after 20s
solver-opt2-dl,36.lp,TIMEOUT,20,0.0,0,0,0,0,0,Timeout after 20s
solver-opt2,37.lp,SAT,2.737415075302124,1.1603128910064697,0,260531.0,134939.0,0,0,
solver-opt2-dl,37.lp,TIMEOUT,20,0.0,0,0,0,0,0,Timeout after 20s
solver-opt2,38.lp,TIMEOUT,20,0.0,0,0,0,0,0,Timeout after 20s
solver-opt2-dl,38.lp,TIMEOUT,20,0.0,0,0,0,0,0,Timeout after 20s
solver-opt2,39.lp,TIMEOUT,20,0.0,0,0,0,0,0,Timeout after 20s
solver-opt2-dl,39.lp,TIMEOUT,20,0.0,0,0,0,0,0,Timeout after 20s
solver-opt2,4.lp,SAT,11.686230182647705,10.087149143218994,0,260376.0,134815.0,0,0,
solver-opt2-dl,4.lp,TIMEOUT,20,0.0,0,0,0,0,0,Timeout after 20s
solver-opt2,40.lp,TIMEOUT,20,0.0,0,0,0,0,0,Timeout after 20s
solver-opt2-dl,40.lp,TIMEOUT,20,0.0,0,0,0,0,0,Timeout after 20s
solver-opt2,41.lp,SAT,0.9657750129699707,0.2980360984802246,0,145761.0,81639.0,0,0,
solver-opt2-dl,41.lp,SAT,7.993387937545776,7.265191078186035,0,165357.0,84440.0,0,0,
solver-opt2,42.lp,SAT,4.040093898773193,3.255985975265503,0,170589.0,93601.0,0,0,
solver-opt2-dl,42.lp,TIMEOUT,20,0.0,0,0,0,0,0,Timeout after 20s
solver-opt2,43.lp,SAT,0.6249070167541504,0.4360330104827881,0,67994.0,41423.0,0,0,
solver-opt2-dl,43.lp,SAT,0.34944891929626465,0.14304900169372559,0,77919.0,43424.0,0,0,
solver-opt2,44.lp,SAT,0.5782959461212158,0.387814998626709,0,67989.0,41419.0,0,0,
solver-opt2-dl,44.lp,SAT,2.2880520820617676,2.0780038833618164,0,77913.0,43420.0,0,0,
solver-opt2,45.lp,SAT,0.7935099601745605,0.1239469051361084,0,145431.0,81375.0,0,0,
solver-opt2-dl,45.lp,SAT,18.595340967178345,17.895787954330444,0,164961.0,84176.0,0,0,
solver-opt2,46.lp,SAT,4.385834217071533,2.8359930515289307,0,260141.0,134627.0,0,0,
solver-opt2-dl,46.lp,SAT,3.4683520793914795,1.8759419918060303,0,292481.0,138224.0,0,0,
solver-opt2,47.lp,SAT,3.0117568969726562,0.9549560546875,0,295116.0,149857.0,0,0,
solver-opt2-dl,47.lp,SAT,4.670886039733887,2.5294349193573,0,331119.0,153646.0,0,0,
solver-opt2,48.lp,SAT,0.6729769706726074,0.30764198303222656,0,102079.0,59469.0,0,0,
solver-opt2-dl,48.lp,SAT,2.5720441341400146,2.1669771671295166,0,116339.0,61854.0,0,0,
solver-opt2,49.lp,SAT,3.1393349170684814,2.943506956100464,0,68114.0,41519.0,0,0,
solver-opt2-dl,49.lp,SAT,0.7328481674194336,0.5175971984863281,0,78063.0,43520.0,0,0,
solver-opt2,5.lp,SAT,6.657537937164307,5.390913963317871,0,227674.0,120083.0,0,0,
solver-opt2-dl,5.lp,SAT,1.4620509147644043,0.18362689018249512,0,256515.0,123480.0,0,0,
solver-opt2,50.lp,TIMEOUT,20,0.0,0,0,0,0,0,Timeout after 20s
solver-opt2-dl,50.lp,TIMEOUT,20,0.0,0,0,0,0,0,Timeout after 20s
solver-opt2,6.lp,SAT,0.39571595191955566,0.11803483963012695,0,84145.0,50141.0,0,0,
solver-opt2-dl,6.lp,SAT,0.5591130256652832,0.2622408866882324,0,96165.0,52334.0,0,0,
solver-opt2,7.lp,SAT,1.9196438789367676,0.24103188514709473,0,260611.0,135003.0,0,0,
solver-opt2-dl,7.lp,SAT,12.33226990699768,10.613543033599854,0,293045.0,138604.0,0,0,
solver-opt2,8.lp,TIMEOUT,20,0.0,0,0,0,0,0,Timeout after 20s
solver-opt2-dl,8.lp,TIMEOUT,20,0.0,0,0,0,0,0,Timeout after 20s
solver-opt2,9.lp,SAT,0.9812560081481934,0.5038299560546875,0,123036.0,70327.0,0,0,
solver-opt2-dl,9.lp,SAT,4.265333890914917,3.741899013519287,0,139911.0,72928.0,0,0,
